MACRO,COMMENT,No of Chars
500,WHOQMCK,6
501,WHL1ACTDIA,7
502,WHL1ACTDIA,9
511,WHL1ACTDIA,10
512,WHL1ACTDIA,10
513,WHL1ACTDIA,10
514,aaaaaa,10
515,WHL1ACTDIA,10
516,WHL1ACTDIA,10
517,WHL1ACTDIA,10
518,WHL1aCTDIA,10
519,WHL1ACTDIA,10
520,WHL1ACTDIA,10
521,WHL1ACTDIA,10
522,WHL1ACTDIA,10
523,WHL1ACTDIA,10
524,WHL1ACTDIA,10
525,WHL1ACTDIA,10
526,WHL1ACTDIA,10
527,WHL1ACTDIA,10
528,WHL1ACTDIA,10
529,WHL1ACTDIA,10
530,WHL1ACTDIA,10
531,WHL1ACTDIA,10
532,WHL1ACTDIA,10
533,WHL1ACTDIA,10
534,WHL1ACTDIA,10
535,WHL1ACTDIA,10
536,WHL1ACTDIA,10
537,WHL1ACTDIA,10
538,WHL1ACTDIA,10
539,WHL1ACTDIA,10
540,WHL1ACTDIA,10
541,WHL1ACTDIA,10
542,WHL1ACTDIA,10
543,WHL1ACTDIA,10
545,WHL1ACTDIA,4
546,WHL1ACTDIA,4
547,WHL1ACTDIA,4
548,WHL1ACTDIA,4
549,WHL1ACTDIA,4
550,WHL1ACTDIA,4
551,WHL1ACTDIA,4
552,WHL1ACTDIA,4
553,WHL1ACTDIA,4
554,WHL1ACTDIA,4
555,WHL1ACTDIA,4
556,WHL1ACTDIA,4
557,WHL1ACTDIA,4
558,WHL1ACTDIA,4
559,WHL1ACTDIA,4
560,WHL1ACTDIA,4
561,WHL1ACTDIA,4
562,WHL1ACTDIA,4
563,WHL1ACTDIA,4
564,WHL1ACTDIA,4
565,WHL1ACTDIA,4
566,WHL1ACTDIA,4
567,WHL1ACTDIA,4
568,WHL1ACTDIA,4
569,WHL1ACTDIA,4
570,WHL1ACTDIA,4
571,WHL1ACTDIA,4
572,WHL1ACTDIA,4
573,WHL1ACTDIA,4
574,WHL1ACTDIA,4
575,WHL1ACTDIA,4
576,WHL1ACTDIA,4
577,WHL1ACTDIA,4
578,WHL1ACTDIA,4
579,WHL1ACTDIA,4
580,WHL1ACTDIA,4
581,WHL1ACTDIA,4
582,WHL1ACTDIA,4
583,WHL1ACTDIA,4
584,WHL1ACTDIA,4
585,WHL1ACTDIA,4
586,WHL1ACTDIA,4
587,WHL1ACTDIA,4
588,WHL1ACTDIA,4
589,WHL1ACTDIA,4
590,WHL1ACTDIA,4
591,WHL1ACTDIA,4
592,WHL1ACTDIA,4
593,WHL1ACTDIA,4
594,WHL1ACTDIA,4
595,WHL1ACTDIA,4
596,WHL1ACTDIA,4
597,WHL1ACTDIA,4
598,WHL1ACTDIA,4
599,WHL1ACTDIA,4
608,WHL1ACTDIA,4
600,WHL1ACTDIA,4
601,WHL1ACTDIA,4
602,WHL1ACTDIA,4
603,WHL1ACTDIA,4
604,WHL1ACTDIA,4
605,WHL1ACTDIA,4
606,WHL1ACTDIA,4
607,WHL1ACTDIA,4
610,WHL1ACTDIA,4
611,WHL1ACTDIA,4
612,WHL1ACTDIA,4
613,WHL1ACTDIA,4
614,WHL1ACTDIA,4
615,WHL1ACTDIA,4
616,WHL1ACTDIA,4
617,WHL1ACTDIA,4
618,WHL1ACTDIA,4
619,WHL1ACTDIA,4
620,WHL1ACTDIA,4
621,WHL1ACTDIA,4
622,WHL1ACTDIA,4
623,WHL1ACTDIA,4
624,WHL1ACTDIA,4
625,WHL1ACTDIA,4
626,WHL1ACTDIA,4
627,WHL1ACTDIA,4
628,WHL1ACTDIA,4
629,WHL1ACTDIA,4
630,WHL1ACTDIA,4
631,WHL1ACTDIA,4
632,WHL1ACTDIA,4
633,WHL1ACTDIA,4
634,WHL1ACTDIA,4
635,WHL1ACTDIA,4
636,WHL1ACTDIA,4
637,WHL1ACTDIA,4
638,WHL1ACTDIA,4
639,WHL1ACTDIA,4
640,WHL1ACTDIA,4
641,WHL1ACTDIA,4
642,WHL1ACTDIA,4
643,WHL1ACTDIA,4
644,WHL1ACTDIA,4
645,WHL1ACTDIA,4
646,WHL1ACTDIA,4
647,WHL1ACTDIA,4
648,WHL1ACTDIA,4
649,WHL1ACTDIA,4
650,WHL1ACTDIA,4
651,WHL1ACTDIA,4
655,WHL1ACTDIA,9
656,WHL1ACTDIA,9
657,WHL1ACTDIA,10
658,WHL1ACTDIA,9
659,WHL1ACTDIA,4
660,WHL1ACTDIA,4
661,WHL1ACTDIA,4
662,WHL1ACTDIA,4
663,WHL1ACTDIA,4
664,WHL1ACTDIA,4
665,WHL1ACTDIA,4
666,WHL1ACTDIA,4
667,WHL1ACTDIA,4
668,WHL1ACTDIA,4
669,WHL1ACTDIA,4
670,WHL1ACTDIA,4
671,WHL1ACTDIA,4
672,WHL1ACTDIA,4
673,WHL1ACTDIA,5
674,WHL1ACTDIA,5
675,WHL1ACTDIA,5
676,WHL1ACTDIA,5
677,WHL1ACTDIA,5
678,WHL1ACTDIA,5
679,WHL1ACTDIA,5
680,WHL1ACTDIA,5
681,WHL1ACTDIA,4
682,WHL1ACTDIA,4
683,WHL1ACTDIA,10
684,WHL1ACTDIA,5
685,WHL1ACTDIA,4
686,WHL1ACTDIA,4
687,WHL1ACTDIA,10
688,WHL1ACTDIA,5
689,WHL1ACTDIA,4
690,WHL1ACTDIA,4
691,WHL1ACTDIA,10
700,WHL1ACTDIA,10
701,WHL1ACTDIA,10
702,WHL1ACTDIA,10
703,WHL1ACTDIA,10
704,WHL1ACTDIA,10
705,WHL1ACTDIA,10
706,WHL1ACTDIA,10
707,WHL1ACTDIA,6
708,WHL1ACTDIA,6
709,WHL1ACTDIA,6
710,WHL1ACTDIA,6
711,WHL1ACTDIA,6
712,WHL1ACTDIA,6
713,WHL1ACTDIA,6
714,WHL1ACTDIA,6
715,WHL1ACTDIA,6
716,WHL1ACTDIA,7
717,WHL1ACTDIA,7
718,WHL1ACTDIA,7
719,WHL1ACTDIA,7
720,WHL1ACTDIA,7
721,WHL1ACTDIA,7
722,WHL1ACTDIA,7
723,WHL1ACTDIA,7
724,WHL1ACTDIA,7
725,WHL1ACTDIA,7
726,WHL1ACTDIA,7
727,WHL1ACTDIA,7
728,WHL1ACTDIA,7
729,WHL1ACTDIA,7
730,WHL1ACTDIA,7
731,WHL1ACTDIA,7
732,WHL1ACTDIA,10
733,WHL1ACTDIA,10
734,WHL1ACTDIA,10
735,WHL1ACTDIA,10
736,WHL1ACTDIA,10
737,WHL1ACTDIA,10
738,WHL1ACTDIA,10
739,WHL1ACTDIA,10
740,WHL1ACTDIA,10
741,WHL1ACTDIA,10
742,WHL1ACTDIA,10
743,WHL1ACTDIA,10
744,WHL1ACTDIA,10
745,WHL1ACTDIA,10
746,WHL1ACTDIA,10
747,WHL1ACTDIA,10
751,WHL1ACTDIA,6
752,WHL1ACTDIA,4
753,WHL1ACTDIA,4
754,WHL1ACTDIA,4
755,WHL1ACTDIA,4
756,WHL1ACTDIA,4
757,WHL1ACTDIA,4
758,WHL1ACTDIA,4
759,WHL1ACTDIA,4
760,WHL1ACTDIA,4
761,WHL1ACTDIA,4
762,WHL1ACTDIA,4
763,WHL1ACTDIA,4
764,WHL1ACTDIA,4
765,WHL1ACTDIA,4
766,WHL1ACTDIA,4
767,WHL1ACTDIA,4
768,WHL1ACTDIA,4
769,WHL1ACTDIA,4
770,WHL1ACTDIA,4
771,WHL1ACTDIA,4
772,WHL1ACTDIA,4
773,WHL1ACTDIA,4
774,WHL1ACTDIA,4
775,WHL1ACTDIA,4
776,WHL1ACTDIA,4
777,WHL1ACTDIA,4
778,WHL1ACTDIA,4
779,WHL1ACTDIA,4
780,WHL1ACTDIA,4
781,WHL1ACTDIA,4
782,WHL1ACTDIA,4
783,WHL1ACTDIA,4
784,WHL1ACTDIA,4
785,WHL1ACTDIA,4
786,WHL1ACTDIA,4
787,WHL1ACTDIA,4
788,WHL1ACTDIA,4
789,WHL1ACTDIA,4
790,WHL1ACTDIA,4
791,WHL1ACTDIA,4
792,WHL1ACTDIA,4
793,WHL1ACTDIA,4
794,WHL1ACTDIA,4
795,WHL1ACTDIA,4
796,WHL1ACTDIA,4
797,WHL1ACTDIA,4
798,WHL1ACTDIA,4
799,WHL1ACTDIA,4
800,WHL1ACTDIA,4
801,WHL1ACTDIA,4
802,WHL1ACTDIA,4
803,WHL1ACTDIA,4
804,WHL1ACTDIA,4
805,WHL1ACTDIA,4
806,WHL1ACTDIA,4
807,WHL1ACTDIA,4
808,WHL1ACTDIA,4
809,WHL1ACTDIA,4
810,WHL1ACTDIA,4
811,WHL1ACTDIA,4
812,WHL1ACTDIA,4
813,WHL1ACTDIA,8
814,WHL1ACTDIA,10
815,WHL1ACTDIA,5
816,WHL1ACTDIA,5
817,WHL1ACTDIA,6
818,WHL1ACTDIA,10
819,WHL1ACTDIA,10
820,WHL1ACTDIA,10
821,WHL1ACTDIA,4
822,WHL1ACTDIA,4
823,WHL1ACTDIA,4
824,WHL1ACTDIA,4
825,WHL1ACTDIA,4
826,WHL1ACTDIA,5
827,WHL1ACTDIA,10
828,WHL1ACTDIA,10
829,WHL1ACTDIA,4
830,WHL1ACTDIA,4
831,WHL1ACTDIA,10
832,WHL1ACTDIA,9
833,WHL1ACTDIA,9
834,WHL1ACTDIA,4
835,WHL1ACTDIA,4
836,WHL1ACTDIA,4
837,WHL1ACTDIA,9
838,WHL1ACTDIA,9
839,WHL1ACTDIA,5
840,WHL1ACTDIA,10
841,WHL1ACTDIA,10
842,WHL1ACTDIA,5
843,WHL1ACTDIA,5
844,WHL1ACTDIA,10
845,WHL1ACTDIA,5
846,WHL1ACTDIA,5
847,WHL1ACTDIA,5
848,WHL1ACTDIA,5
849,WHL1ACTDIA,5
850,WHL1ACTDIA,10
851,WHL1ACTDIA,10
852,WHL1ACTDIA,10
853,WHL1ACTDIA,10
854,WHL1ACTDIA,10
855,WHL1ACTDIA,10
856,WHL1ACTDIA,10
857,WHL1ACTDIA,10
858,WHL1ACTDIA,10
859,WHL1ACTDIA,10
860,WHL1ACTDIA,10
861,WHL1ACTDIA,10
862,WHL1ACTDIA,10
863,WHL1ACTDIA,10
864,WHL1ACTDIA,10
865,WHL1ACTDIA,10
866,WHL1ACTDIA,10
867,WHL1ACTDIA,10
868,WHL1ACTDIA,10
869,WHL1ACTDIA,10
870,WHL1ACTDIA,9
871,WHL1ACTDIA,10
872,WHL1ACTDIA,10
873,WHL1ACTDIA,10
874,WHL1ACTDIA,10
875,WHL1ACTDIA,10
876,WHL1ACTDIA,10
877,WHL1ACTDIA,10
878,WHL1ACTDIA,10
879,WHL1ACTDIA,10
880,WHL1ACTDIA,10
881,WHL1ACTDIA,10
882,WHL1ACTDIA,10
883,WHL1ACTDIA,10
884,WHL1ACTDIA,10
885,WHL1ACTDIA,10
886,WHL1ACTDIA,10
887,WHL1ACTDIA,4
888,WHL1ACTDIA,10
889,WHL1ACTDIA,10
890,WHL1ACTDIA,10
891,WHL1ACTDIA,10
892,WHL1ACTDIA,10
893,WHL1ACTDIA,9
894,WHL1ACTDIA,10
895,WHL1ACTDIA,10
896,WHL1ACTDIA,9
897,WHL1ACTDIA,9
898,WHL1ACTDIA,10
899,WHL1ACTDIA,5
900,WHL1ACTDIA,9
901,WHL1ACTDIA,4
902,WHL1ACTDIA,4
903,WHL1ACTDIA,4
904,WHL1ACTDIA,8
905,WHL1ACTDIA,8
906,WHL1ACTDIA,10
907,WHL1ACTDIA,10
908,WHL1ACTDIA,4
909,WHL1ACTDIA,4
910,WHL1ACTDIA,10
911,WHL1ACTDIA,10
912,WHL1ACTDIA,10
913,WHL1ACTDIA,4
914,WHL1ACTDIA,4
915,WHL1ACTDIA,4
916,WHL1ACTDIA,4
917,WHL1ACTDIA,9
918,WHL1ACTDIA,4
919,WHL1ACTDIA,5
920,WHL1ACTDIA,9
921,WHL1ACTDIA,9
922,WHL1ACTDIA,9
923,WHL1ACTDIA,10
924,WHL1ACTDIA,10
925,WHL1ACTDIA,10
926,WHL1ACTDIA,5
927,WHL1ACTDIA,9
928,WHL1ACTDIA,9
929,WHL1ACTDIA,9
930,WHL1ACTDIA,9
931,WHL1ACTDIA,9
932,WHL1ACTDIA,9
933,WHL1ACTDIA,5
934,WHL1ACTDIA,9
935,WHL1ACTDIA,9
936,WHL1ACTDIA,5
937,WHL1ACTDIA,10
938,WHL1ACTDIA,5
939,WHL1ACTDIA,10
940,WHL1ACTDIA,9
941,WHL1ACTDIA,4
942,WHL1ACTDIA,4
943,WHL1ACTDIA,4
944,WHL1ACTDIA,4
945,WHL1ACTDIA,4
946,WHL1ACTDIA,10
947,WHL1ACTDIA,10
948,WHL1ACTDIA,4
949,WHL1ACTDIA,10
950,WHL1ACTDIA,8
951,WHL1ACTDIA,10
952,WHL1ACTDIA,10
953,WHL1ACTDIA,9
954,WHL1ACTDIA,9
955,WHL1ACTDIA,9
956,WHL1ACTDIA,9
957,WHL1ACTDIA,9
958,WHL1ACTDIA,9
959,WHL1ACTDIA,9
960,WHL1ACTDIA,9
961,WHL1ACTDIA,9
962,WHL1ACTDIA,9
963,WHL1ACTDIA,9
964,WHL1ACTDIA,9
965,WHL1ACTDIA,10
966,WHL1ACTDIA,5
967,WHL1ACTDIA,8
968,WHL1ACTDIA,4
969,WHL1ACTDIA,10
970,WHL1ACTDIA,10
971,WHL1ACTDIA,10
972,WHL1ACTDIA,10
973,WHL1ACTDIA,10
974,WHL1ACTDIA,10
975,WHL1ACTDIA,10
976,WHL1ACTDIA,10
977,WHL1ACTDIA,10
978,WHL1ACTDIA,10
979,WHL1ACTDIA,10
980,WHL1ACTDIA,10
981,WHL1ACTDIA,4
982,WHL1ACTDIA,4
983,WHL1ACTDIA,10
984,WHL1ACTDIA,10
985,WHL1ACTDIA,10
986,WHL1ACTDIA,10
987,WHL1ACTDIA,10
988,WHL1ACTDIA,5
989,WHL1ACTDIA,5
990,WHL1ACTDIA,10
991,WHL1ACTDIA,10
992,WHL1ACTDIA,10
993,WHL1ACTDIA,5
994,WHL1ACTDIA,5
995,WHL1ACTDIA,5
996,WHL1ACTDIA,10
997,WHL1ACTDIA,10
998,WHL1ACTDIA,10
999,WHL1ACTDIA,10
